{"persistentMobs":{"25cfb1b8-29db-4cc0-b7e9-54ca4dacbe61":{"uuid":"25cfb1b8-29db-4cc0-b7e9-54ca4dacbe61","mobType":"Monkey_Minion","aliveTime":768,"lastSeen":1657513977407,"spawnLocation":{"world":{"uuid":"ad928893-6252-4a28-b6af-758896604b20","name":"flat_world"},"x":474.1594806076202,"y":-60.0,"z":2872.816791914934,"yaw":113.40633,"pitch":11.373197},"variables":{"entries":{}},"displayName":null,"level":0.0,"globalCooldown":0,"stance":"default","lastSignal":"","playerKills":0,"owner":{"value":"fc388f71-67d9-3170-91f0-042356061c71"},"spawnerName":null,"faction":{"value":"Animal"},"cooldowns":{},"trackedLocation":null,"changingTarget":false},"29d3893e-6a4c-4d34-9326-bb4cbef38088":{"uuid":"29d3893e-6a4c-4d34-9326-bb4cbef38088","mobType":"Monkey_Minion","aliveTime":1153,"lastSeen":1657307288351,"spawnLocation":{"world":{"uuid":"ad928893-6252-4a28-b6af-758896604b20","name":"flat_world"},"x":467.0753854434067,"y":-60.0,"z":2871.733882386373,"yaw":-173.20207,"pitch":5.813347},"variables":{"entries":{}},"displayName":null,"level":0.0,"globalCooldown":0,"stance":"default","lastSignal":"","playerKills":0,"owner":{"value":"fc388f71-67d9-3170-91f0-042356061c71"},"spawnerName":null,"faction":{"value":"Animal"},"cooldowns":{},"trackedLocation":null,"changingTarget":false},"e290d5bc-d803-46f0-aafe-0ebff488cdd2":{"uuid":"e290d5bc-d803-46f0-aafe-0ebff488cdd2","mobType":"Monkey_Minion","aliveTime":4481,"lastSeen":1657320838305,"spawnLocation":{"world":{"uuid":"ad928893-6252-4a28-b6af-758896604b20","name":"flat_world"},"x":519.8284642345512,"y":-60.0,"z":2899.727522674486,"yaw":-150.92764,"pitch":3.8999367},"variables":{"entries":{}},"displayName":null,"level":0.0,"globalCooldown":0,"stance":"default","lastSignal":"","playerKills":0,"owner":{"value":"fc388f71-67d9-3170-91f0-042356061c71"},"spawnerName":null,"faction":{"value":"Animal"},"cooldowns":{},"trackedLocation":null,"changingTarget":false},"6557f7f1-c0a3-45e8-9268-dfa4173a709e":{"uuid":"6557f7f1-c0a3-45e8-9268-dfa4173a709e","mobType":"Monkey_Minion","aliveTime":1153,"lastSeen":1657307288348,"spawnLocation":{"world":{"uuid":"ad928893-6252-4a28-b6af-758896604b20","name":"flat_world"},"x":467.0753854434067,"y":-60.0,"z":2871.733882386373,"yaw":-173.20207,"pitch":5.813347},"variables":{"entries":{}},"displayName":null,"level":0.0,"globalCooldown":0,"stance":"default","lastSignal":"","playerKills":0,"owner":{"value":"fc388f71-67d9-3170-91f0-042356061c71"},"spawnerName":null,"faction":{"value":"Animal"},"cooldowns":{},"trackedLocation":null,"changingTarget":false},"49e6e453-5cd3-416b-a037-493b68b3e6a3":{"uuid":"49e6e453-5cd3-416b-a037-493b68b3e6a3","mobType":"Monkey_Minion","aliveTime":1986,"lastSeen":1657320963115,"spawnLocation":{"world":{"uuid":"ad928893-6252-4a28-b6af-758896604b20","name":"flat_world"},"x":527.9159888782001,"y":-60.0,"z":2862.938041078381,"yaw":-10.977945,"pitch":3.7498488},"variables":{"entries":{}},"displayName":null,"level":0.0,"globalCooldown":0,"stance":"default","lastSignal":"","playerKills":0,"owner":{"value":"fc388f71-67d9-3170-91f0-042356061c71"},"spawnerName":null,"faction":{"value":"Animal"},"cooldowns":{},"trackedLocation":null,"changingTarget":false},"8c296376-d997-4533-94df-94fff297c95d":{"uuid":"8c296376-d997-4533-94df-94fff297c95d","mobType":"Monkey_Minion","aliveTime":903,"lastSeen":1657513959386,"spawnLocation":{"world":{"uuid":"ad928893-6252-4a28-b6af-758896604b20","name":"flat_world"},"x":476.06793572429814,"y":-60.0,"z":2867.904701279838,"yaw":-3.2937376,"pitch":-16.37681},"variables":{"entries":{}},"displayName":null,"level":0.0,"globalCooldown":0,"stance":"default","lastSignal":"","playerKills":0,"owner":{"value":null},"spawnerName":null,"faction":{"value":"Animal"},"cooldowns":{},"trackedLocation":null,"changingTarget":false},"a3ed3f96-4c99-41aa-8a1a-b319b690bccf":{"uuid":"a3ed3f96-4c99-41aa-8a1a-b319b690bccf","mobType":"Monkey_Minion","aliveTime":511,"lastSeen":1657310524474,"spawnLocation":{"world":{"uuid":"ad928893-6252-4a28-b6af-758896604b20","name":"flat_world"},"x":509.21096026649826,"y":-60.0,"z":2887.527018999961,"yaw":-11.7265625,"pitch":-1.9500179},"variables":{"entries":{}},"displayName":null,"level":0.0,"globalCooldown":0,"stance":"default","lastSignal":"","playerKills":0,"owner":{"value":null},"spawnerName":null,"faction":{"value":"Animal"},"cooldowns":{},"trackedLocation":null,"changingTarget":false},"983a6ec4-65bf-4a91-9af2-c93e4632a839":{"uuid":"983a6ec4-65bf-4a91-9af2-c93e4632a839","mobType":"Monkey_Minion","aliveTime":144,"lastSeen":1657320910402,"spawnLocation":{"world":{"uuid":"ad928893-6252-4a28-b6af-758896604b20","name":"flat_world"},"x":520.1092610556344,"y":-60.0,"z":2868.0646285074235,"yaw":-2.4277039,"pitch":16.349892},"variables":{"entries":{}},"displayName":null,"level":0.0,"globalCooldown":0,"stance":"default","lastSignal":"","playerKills":0,"owner":{"value":"fc388f71-67d9-3170-91f0-042356061c71"},"spawnerName":null,"faction":{"value":"Animal"},"cooldowns":{},"trackedLocation":null,"changingTarget":false},"b0d524ef-dbd9-478a-8622-431f1c84c588":{"uuid":"b0d524ef-dbd9-478a-8622-431f1c84c588","mobType":"Monkey_Minion","aliveTime":716,"lastSeen":1657307399154,"spawnLocation":{"world":{"uuid":"ad928893-6252-4a28-b6af-758896604b20","name":"flat_world"},"x":471.7688987205476,"y":-60.0,"z":2862.019917819791,"yaw":164.89784,"pitch":0.56334114},"variables":{"entries":{}},"displayName":null,"level":0.0,"globalCooldown":0,"stance":"default","lastSignal":"","playerKills":0,"owner":{"value":"fc388f71-67d9-3170-91f0-042356061c71"},"spawnerName":null,"faction":{"value":"Animal"},"cooldowns":{},"trackedLocation":null,"changingTarget":false},"2a8317a4-04da-44df-b734-f3d0c07ef1a2":{"uuid":"2a8317a4-04da-44df-b734-f3d0c07ef1a2","mobType":"Monkey_Minion","aliveTime":44,"lastSeen":1657320895401,"spawnLocation":{"world":{"uuid":"ad928893-6252-4a28-b6af-758896604b20","name":"flat_world"},"x":518.5608444517829,"y":-59.2032643993313,"z":2889.5689499929877,"yaw":175.6226,"pitch":8.399937},"variables":{"entries":{}},"displayName":null,"level":0.0,"globalCooldown":0,"stance":"default","lastSignal":"","playerKills":0,"owner":{"value":"fc388f71-67d9-3170-91f0-042356061c71"},"spawnerName":null,"faction":{"value":"Animal"},"cooldowns":{},"trackedLocation":null,"changingTarget":false},"bc5c0018-8c37-4648-b9a7-0f9763913241":{"uuid":"bc5c0018-8c37-4648-b9a7-0f9763913241","mobType":"Monkey_Minion","aliveTime":362,"lastSeen":1660414412954,"spawnLocation":{"world":{"uuid":"ad928893-6252-4a28-b6af-758896604b20","name":"flat_world"},"x":90.95641179278037,"y":-60.0,"z":39.44001583501993,"yaw":133.0169,"pitch":-9.900068},"variables":{"entries":{}},"displayName":null,"level":0.0,"globalCooldown":0,"stance":"default","lastSignal":"","playerKills":0,"owner":{"value":"d2004603-4fd7-3028-a805-a6c608fb1b03"},"spawnerName":null,"faction":{"value":"Animal"},"cooldowns":{},"trackedLocation":null,"changingTarget":false},"7a899b41-dff3-408e-a747-e77191ecb9b4":{"uuid":"7a899b41-dff3-408e-a747-e77191ecb9b4","mobType":"AssassinBoss","aliveTime":67334,"lastSeen":1663814488930,"spawnLocation":{"world":{"uuid":"25d996a3-00af-48dd-b705-e259b9a4170a","name":"world"},"x":211.2328603055417,"y":69.0,"z":270.7236989948158,"yaw":-30.042297,"pitch":24.457624},"variables":{"entries":{}},"displayName":null,"level":1.0,"globalCooldown":0,"stance":"default","lastSignal":"","playerKills":1,"owner":{"value":null},"spawnerName":null,"faction":{"value":"Human"},"cooldowns":{},"trackedLocation":null,"changingTarget":false},"ef4c9c80-3b1b-421c-8477-2c373ddde449":{"uuid":"ef4c9c80-3b1b-421c-8477-2c373ddde449","mobType":"Monkey_Minion","aliveTime":266,"lastSeen":1657320864914,"spawnLocation":{"world":{"uuid":"ad928893-6252-4a28-b6af-758896604b20","name":"flat_world"},"x":520.2672041925804,"y":-60.0,"z":2888.9807329476366,"yaw":-33.17739,"pitch":-15.450059},"variables":{"entries":{}},"displayName":null,"level":0.0,"globalCooldown":0,"stance":"default","lastSignal":"","playerKills":0,"owner":{"value":"fc388f71-67d9-3170-91f0-042356061c71"},"spawnerName":null,"faction":{"value":"Animal"},"cooldowns":{},"trackedLocation":null,"changingTarget":false},"37c7f1d1-e494-4abf-a7fb-6f750083e1d3":{"uuid":"37c7f1d1-e494-4abf-a7fb-6f750083e1d3","mobType":"Monkey_Minion","aliveTime":1153,"lastSeen":1657307288350,"spawnLocation":{"world":{"uuid":"ad928893-6252-4a28-b6af-758896604b20","name":"flat_world"},"x":467.0753854434067,"y":-60.0,"z":2871.733882386373,"yaw":-173.20207,"pitch":5.813347},"variables":{"entries":{}},"displayName":null,"level":0.0,"globalCooldown":0,"stance":"default","lastSignal":"","playerKills":0,"owner":{"value":"fc388f71-67d9-3170-91f0-042356061c71"},"spawnerName":null,"faction":{"value":"Animal"},"cooldowns":{},"trackedLocation":null,"changingTarget":false},"75288101-9ff4-44ef-8f4b-442efe0c3cb8":{"uuid":"75288101-9ff4-44ef-8f4b-442efe0c3cb8","mobType":"Monkey_Minion","aliveTime":523,"lastSeen":1657310614479,"spawnLocation":{"world":{"uuid":"ad928893-6252-4a28-b6af-758896604b20","name":"flat_world"},"x":515.7704406716563,"y":-59.878703159460805,"z":2894.0497355963907,"yaw":11.674072,"pitch":2.9999883},"variables":{"entries":{}},"displayName":null,"level":0.0,"globalCooldown":0,"stance":"default","lastSignal":"","playerKills":0,"owner":{"value":"fc388f71-67d9-3170-91f0-042356061c71"},"spawnerName":null,"faction":{"value":"Animal"},"cooldowns":{},"trackedLocation":null,"changingTarget":false},"3e9f8593-f998-48df-a97b-33b24dfec319":{"uuid":"3e9f8593-f998-48df-a97b-33b24dfec319","mobType":"Monkey_Minion","aliveTime":307,"lastSeen":1657310627575,"spawnLocation":{"world":{"uuid":"ad928893-6252-4a28-b6af-758896604b20","name":"flat_world"},"x":510.81308542011334,"y":-59.2032643993313,"z":2898.314251216005,"yaw":-97.67767,"pitch":-3.4500291},"variables":{"entries":{}},"displayName":null,"level":0.0,"globalCooldown":0,"stance":"default","lastSignal":"","playerKills":0,"owner":{"value":"fc388f71-67d9-3170-91f0-042356061c71"},"spawnerName":null,"faction":{"value":"Animal"},"cooldowns":{},"trackedLocation":null,"changingTarget":false},"eec27030-cd63-48e7-944d-d50fa29de5cf":{"uuid":"eec27030-cd63-48e7-944d-d50fa29de5cf","mobType":"Monkey_Minion","aliveTime":716,"lastSeen":1657307399152,"spawnLocation":{"world":{"uuid":"ad928893-6252-4a28-b6af-758896604b20","name":"flat_world"},"x":471.7688987205476,"y":-60.0,"z":2862.019917819791,"yaw":164.89784,"pitch":0.56334114},"variables":{"entries":{}},"displayName":null,"level":0.0,"globalCooldown":0,"stance":"default","lastSignal":"","playerKills":0,"owner":{"value":"fc388f71-67d9-3170-91f0-042356061c71"},"spawnerName":null,"faction":{"value":"Animal"},"cooldowns":{},"trackedLocation":null,"changingTarget":false},"22b6d986-096b-44a6-8cf5-401de6fd3601":{"uuid":"22b6d986-096b-44a6-8cf5-401de6fd3601","mobType":"Monkey_Minion","aliveTime":482,"lastSeen":1657308309210,"spawnLocation":{"world":{"uuid":"ad928893-6252-4a28-b6af-758896604b20","name":"flat_world"},"x":478.9744642800646,"y":-60.0,"z":2887.4882154506463,"yaw":-88.6429,"pitch":15.263353},"variables":{"entries":{}},"displayName":null,"level":0.0,"globalCooldown":0,"stance":"default","lastSignal":"","playerKills":0,"owner":{"value":"fc388f71-67d9-3170-91f0-042356061c71"},"spawnerName":null,"faction":{"value":"Animal"},"cooldowns":{},"trackedLocation":null,"changingTarget":false},"744d3c71-f87d-4a81-8b3a-f5bfee63984f":{"uuid":"744d3c71-f87d-4a81-8b3a-f5bfee63984f","mobType":"Monkey_Minion","aliveTime":65,"lastSeen":1657320730920,"spawnLocation":{"world":{"uuid":"ad928893-6252-4a28-b6af-758896604b20","name":"flat_world"},"x":520.4285299092959,"y":-60.0,"z":2901.775964667814,"yaw":160.62234,"pitch":2.2499642},"variables":{"entries":{}},"displayName":null,"level":0.0,"globalCooldown":0,"stance":"default","lastSignal":"","playerKills":0,"owner":{"value":"fc388f71-67d9-3170-91f0-042356061c71"},"spawnerName":null,"faction":{"value":"Animal"},"cooldowns":{},"trackedLocation":null,"changingTarget":false},"954d541f-c3ef-436c-8675-8e29034104e0":{"uuid":"954d541f-c3ef-436c-8675-8e29034104e0","mobType":"Monkey_Minion","aliveTime":552,"lastSeen":1657310537027,"spawnLocation":{"world":{"uuid":"ad928893-6252-4a28-b6af-758896604b20","name":"flat_world"},"x":511.7630093606442,"y":-58.975575911786315,"z":2888.2885590982396,"yaw":55.323547,"pitch":-5.700006},"variables":{"entries":{}},"displayName":null,"level":0.0,"globalCooldown":0,"stance":"default","lastSignal":"","playerKills":0,"owner":{"value":"fc388f71-67d9-3170-91f0-042356061c71"},"spawnerName":null,"faction":{"value":"Animal"},"cooldowns":{},"trackedLocation":null,"changingTarget":false},"266873be-cd16-4e99-bc4a-38a9af642633":{"uuid":"266873be-cd16-4e99-bc4a-38a9af642633","mobType":"Monkey_Minion","aliveTime":828,"lastSeen":1657310601543,"spawnLocation":{"world":{"uuid":"ad928893-6252-4a28-b6af-758896604b20","name":"flat_world"},"x":517.889099430373,"y":-58.833890739061786,"z":2897.910167583154,"yaw":87.12427,"pitch":-29.400011},"variables":{"entries":{}},"displayName":null,"level":0.0,"globalCooldown":0,"stance":"default","lastSignal":"","playerKills":0,"owner":{"value":"fc388f71-67d9-3170-91f0-042356061c71"},"spawnerName":null,"faction":{"value":"Animal"},"cooldowns":{},"trackedLocation":null,"changingTarget":false},"8dd896ab-3bd7-4123-b532-39b2345ded6a":{"uuid":"8dd896ab-3bd7-4123-b532-39b2345ded6a","mobType":"Monkey_Minion","aliveTime":518,"lastSeen":1657309884869,"spawnLocation":{"world":{"uuid":"ad928893-6252-4a28-b6af-758896604b20","name":"flat_world"},"x":533.9407737362983,"y":-60.0,"z":2880.9487515930573,"yaw":4.77063,"pitch":8.302008},"variables":{"entries":{}},"displayName":null,"level":0.0,"globalCooldown":0,"stance":"default","lastSignal":"","playerKills":0,"owner":{"value":"fc388f71-67d9-3170-91f0-042356061c71"},"spawnerName":null,"faction":{"value":"Animal"},"cooldowns":{},"trackedLocation":null,"changingTarget":false},"60850a9a-0dfa-4b22-bb2c-a8aecd6678d0":{"uuid":"60850a9a-0dfa-4b22-bb2c-a8aecd6678d0","mobType":"Monkey_Minion","aliveTime":188,"lastSeen":1657320878202,"spawnLocation":{"world":{"uuid":"ad928893-6252-4a28-b6af-758896604b20","name":"flat_world"},"x":515.9157472191819,"y":-60.0,"z":2890.8385610301943,"yaw":-58.977352,"pitch":10.79994},"variables":{"entries":{}},"displayName":null,"level":0.0,"globalCooldown":0,"stance":"default","lastSignal":"","playerKills":0,"owner":{"value":"fc388f71-67d9-3170-91f0-042356061c71"},"spawnerName":null,"faction":{"value":"Animal"},"cooldowns":{},"trackedLocation":null,"changingTarget":false},"1651784f-9940-4e53-ae86-90b8ab2172e5":{"uuid":"1651784f-9940-4e53-ae86-90b8ab2172e5","mobType":"Monkey_Minion","aliveTime":1692,"lastSeen":1663383942862,"spawnLocation":{"world":{"uuid":"25d996a3-00af-48dd-b705-e259b9a4170a","name":"world"},"x":349.5575752415491,"y":63.0,"z":138.72163227732904,"yaw":-123.40468,"pitch":-7.6083755},"variables":{"entries":{}},"displayName":null,"level":0.0,"globalCooldown":0,"stance":"default","lastSignal":"","playerKills":0,"owner":{"value":null},"spawnerName":null,"faction":{"value":"Animal"},"cooldowns":{},"trackedLocation":null,"changingTarget":false},"cf11496f-13ef-4607-96c6-18225edd7657":{"uuid":"cf11496f-13ef-4607-96c6-18225edd7657","mobType":"Monkey_Minion","aliveTime":46,"lastSeen":1657310640632,"spawnLocation":{"world":{"uuid":"ad928893-6252-4a28-b6af-758896604b20","name":"flat_world"},"x":516.6031094211653,"y":-58.75081292125532,"z":2898.5356865617127,"yaw":70.322296,"pitch":4.349948},"variables":{"entries":{}},"displayName":null,"level":0.0,"globalCooldown":0,"stance":"default","lastSignal":"","playerKills":0,"owner":{"value":"fc388f71-67d9-3170-91f0-042356061c71"},"spawnerName":null,"faction":{"value":"Animal"},"cooldowns":{},"trackedLocation":null,"changingTarget":false},"13dd93cc-054b-41fc-897e-e70fef8e62a3":{"uuid":"13dd93cc-054b-41fc-897e-e70fef8e62a3","mobType":"Monkey_Minion","aliveTime":80,"lastSeen":1657321013611,"spawnLocation":{"world":{"uuid":"ad928893-6252-4a28-b6af-758896604b20","name":"flat_world"},"x":525.6319117572448,"y":-60.0,"z":2868.1359047618876,"yaw":-103.37814,"pitch":-76.2001},"variables":{"entries":{}},"displayName":null,"level":0.0,"globalCooldown":0,"stance":"default","lastSignal":"","playerKills":0,"owner":{"value":"fc388f71-67d9-3170-91f0-042356061c71"},"spawnerName":null,"faction":{"value":"Animal"},"cooldowns":{},"trackedLocation":null,"changingTarget":false},"70dc225f-2858-44e6-a291-d8f699c61ea1":{"uuid":"70dc225f-2858-44e6-a291-d8f699c61ea1","mobType":"Monkey_Minion","aliveTime":716,"lastSeen":1657307399155,"spawnLocation":{"world":{"uuid":"ad928893-6252-4a28-b6af-758896604b20","name":"flat_world"},"x":471.7688987205476,"y":-60.0,"z":2862.019917819791,"yaw":164.89784,"pitch":0.56334114},"variables":{"entries":{}},"displayName":null,"level":0.0,"globalCooldown":0,"stance":"default","lastSignal":"","playerKills":0,"owner":{"value":"fc388f71-67d9-3170-91f0-042356061c71"},"spawnerName":null,"faction":{"value":"Animal"},"cooldowns":{},"trackedLocation":null,"changingTarget":false},"7e047514-75f9-45a4-aa8f-c4885b38ff4f":{"uuid":"7e047514-75f9-45a4-aa8f-c4885b38ff4f","mobType":"Monkey_Minion","aliveTime":61,"lastSeen":1657309919270,"spawnLocation":{"world":{"uuid":"ad928893-6252-4a28-b6af-758896604b20","name":"flat_world"},"x":523.2298636635733,"y":-60.0,"z":2904.0347750791534,"yaw":24.571686,"pitch":0.20198198},"variables":{"entries":{}},"displayName":null,"level":0.0,"globalCooldown":0,"stance":"default","lastSignal":"","playerKills":0,"owner":{"value":"fc388f71-67d9-3170-91f0-042356061c71"},"spawnerName":null,"faction":{"value":"Animal"},"cooldowns":{},"trackedLocation":null,"changingTarget":false},"fb37c865-8b54-4d92-bcce-5e9d12a8d911":{"uuid":"fb37c865-8b54-4d92-bcce-5e9d12a8d911","mobType":"Monkey_Minion","aliveTime":382,"lastSeen":1657320715086,"spawnLocation":{"world":{"uuid":"ad928893-6252-4a28-b6af-758896604b20","name":"flat_world"},"x":521.8075781167257,"y":-60.0,"z":2900.0927249358365,"yaw":136.32231,"pitch":3.4499571},"variables":{"entries":{}},"displayName":null,"level":0.0,"globalCooldown":0,"stance":"default","lastSignal":"","playerKills":0,"owner":{"value":null},"spawnerName":null,"faction":{"value":"Animal"},"cooldowns":{},"trackedLocation":null,"changingTarget":false}}}